Date,Adj Close
02-01-2019,96.63266754
03-01-2019,93.07772827
04-01-2019,97.40672302
07-01-2019,97.53094482
08-01-2019,98.2381134
09-01-2019,99.64285278
10-01-2019,99.00260925
11-01-2019,98.2381134
14-01-2019,97.52139282
15-01-2019,100.3500366
16-01-2019,100.7036133
17-01-2019,101.4107742
18-01-2019,102.9302216
22-01-2019,100.9903107
23-01-2019,101.9746017
24-01-2019,101.4872131
25-01-2019,102.4141693
28-01-2019,100.4169388
29-01-2019,98.3719101
30-01-2019,101.6592407
31-01-2019,99.79577637
01-02-2019,98.21899414
04-02-2019,101.0476227
05-02-2019,102.4619751
06-02-2019,101.3247604
07-02-2019,100.5985107
08-02-2019,100.9807358
11-02-2019,100.5793762
12-02-2019,102.1466064
13-02-2019,102.0701523
14-02-2019,102.1561584
15-02-2019,103.4175873
19-02-2019,103.369812
20-02-2019,102.8323593
21-02-2019,105.0013123
22-02-2019,106.498436
25-02-2019,107.0934448
26-02-2019,107.8324356
27-02-2019,107.6500778
28-02-2019,107.5157318
01-03-2019,107.9955826
04-03-2019,107.7364578
05-03-2019,107.1990128
06-03-2019,107.246994
07-03-2019,105.941803
08-03-2019,106.0569916
11-03-2019,108.2835007
12-03-2019,109.0416565
13-03-2019,109.8862076
14-03-2019,109.9725494
15-03-2019,111.2393875
18-03-2019,112.8324966
19-03-2019,112.9092789
20-03-2019,112.7845078
21-03-2019,115.3757095
22-03-2019,112.3334503
25-03-2019,112.918869
26-03-2019,113.1587906
27-03-2019,112.0647278
28-03-2019,112.2182693
29-03-2019,113.1875763
01-04-2019,114.2240677
02-04-2019,114.3872147
03-04-2019,115.135788
04-04-2019,114.5503616
05-04-2019,115.0590134
08-04-2019,115.0973892
09-04-2019,114.4735947
10-04-2019,115.3469238
11-04-2019,115.4812698
12-04-2019,116.0762863
15-04-2019,116.1722641
16-04-2019,115.9035416
17-04-2019,116.8632584
18-04-2019,118.3987732
22-04-2019,118.773056
23-04-2019,120.3853683
24-04-2019,119.972702
25-04-2019,123.9458771
26-04-2019,124.6560593
29-04-2019,124.5409012
30-04-2019,125.3374481
01-05-2019,122.7270432
02-05-2019,121.1243439
03-05-2019,123.7059326
06-05-2019,122.9861755
07-05-2019,120.4621506
08-05-2019,120.4525375
09-05-2019,120.442955
10-05-2019,122.0072708
13-05-2019,118.3796005
14-05-2019,119.7039795
15-05-2019,121.3896866
16-05-2019,124.192749
17-05-2019,123.3643494
20-05-2019,121.5823364
21-05-2019,122.2373428
22-05-2019,122.9790649
23-05-2019,121.543808
24-05-2019,121.6015778
28-05-2019,121.5245514
29-05-2019,120.34935
30-05-2019,121.1103363
31-05-2019,119.1356735
03-06-2019,115.4367523
04-06-2019,118.6347656
05-06-2019,121.2066574
06-06-2019,123.1235352
07-06-2019,126.5720139
10-06-2019,127.72789
11-06-2019,127.2463074
12-06-2019,126.6587067
13-06-2019,127.4582214
14-06-2019,127.5834274
17-06-2019,127.9687347
18-06-2019,130.1938324
19-06-2019,130.704361
20-06-2019,131.9180908
21-06-2019,131.9373474
24-06-2019,132.7175903
25-06-2019,128.5273743
26-06-2019,129.0090485
27-06-2019,129.2209778
28-06-2019,129.0379639
01-07-2019,130.6947479
02-07-2019,131.5616913
03-07-2019,132.4093781
05-07-2019,132.0240479
08-07-2019,131.9277191
09-07-2019,131.4460602
10-07-2019,132.7850189
11-07-2019,133.3148041
12-07-2019,133.7964325
15-07-2019,133.7964325
16-07-2019,132.0432892
17-07-2019,131.263092
18-07-2019,131.407547
19-07-2019,131.6001892
22-07-2019,133.343689
23-07-2019,134.1720886
24-07-2019,135.5495605
25-07-2019,135.039032
26-07-2019,136.146759
29-07-2019,135.8481903
30-07-2019,135.1931458
31-07-2019,131.263092
01-08-2019,132.9872894
02-08-2019,131.8699341
05-08-2019,127.3522339
06-08-2019,129.7411041
07-08-2019,130.309433
08-08-2019,133.7868042
09-08-2019,132.6501923
12-08-2019,130.8006744
13-08-2019,133.5074615
14-08-2019,129.4869537
15-08-2019,129.1970062
16-08-2019,131.5648804
19-08-2019,133.7684021
20-08-2019,132.6569672
21-08-2019,134.1356506
22-08-2019,133.1595306
23-08-2019,128.916748
26-08-2019,130.9076843
27-08-2019,131.1879272
28-08-2019,131.0139771
29-08-2019,133.4881287
30-08-2019,133.2368317
03-09-2019,131.4778748
04-09-2019,133.0145569
05-09-2019,135.3534088
06-09-2019,134.4352722
09-09-2019,132.9082336
10-09-2019,131.5165558
11-09-2019,131.555191
12-09-2019,132.9082336
13-09-2019,132.7149658
16-09-2019,131.7581635
17-09-2019,132.782608
18-09-2019,133.8747253
19-09-2019,136.3392334
20-09-2019,134.7638397
23-09-2019,134.4738922
24-09-2019,132.7729797
25-09-2019,134.686554
26-09-2019,134.8604889
27-09-2019,133.1111908
30-09-2019,134.3676147
01-10-2019,132.4733429
02-10-2019,130.1345062
03-10-2019,131.7098389
04-10-2019,133.4881287
07-10-2019,132.5216522
08-10-2019,131.1203003
09-10-2019,133.604126
10-10-2019,134.4352722
11-10-2019,134.9958038
14-10-2019,134.8701782
15-10-2019,136.8224335
16-10-2019,135.701355
17-10-2019,135.0054932
18-10-2019,132.8019409
21-10-2019,133.7877197
22-10-2019,131.7967987
23-10-2019,132.6376801
24-10-2019,135.2470856
25-10-2019,136.0105896
28-10-2019,139.3545837
29-10-2019,138.0401764
30-10-2019,139.7604828
31-10-2019,138.5620422
01-11-2019,138.9003296
04-11-2019,139.7024841
05-11-2019,139.6155396
06-11-2019,139.2289429
07-11-2019,139.422226
08-11-2019,141.0652161
11-11-2019,141.2101746
12-11-2019,142.1379852
13-11-2019,142.3699493
14-11-2019,143.0947723
15-11-2019,144.9407501
18-11-2019,145.2983551
19-11-2019,145.3466492
20-11-2019,145.0944977
21-11-2019,144.9587402
22-11-2019,145.0653992
25-11-2019,146.6558075
26-11-2019,147.4315948
27-11-2019,147.7128601
29-11-2019,146.8012695
02-12-2019,145.0266266
03-12-2019,144.7938843
04-12-2019,145.3175812
05-12-2019,145.3951416
06-12-2019,147.1601105
09-12-2019,146.7818909
10-12-2019,146.5588684
11-12-2019,147.111618
12-12-2019,148.6050415
13-12-2019,149.8560028
16-12-2019,150.8257599
17-12-2019,150.0111694
18-12-2019,149.7008362
19-12-2019,151.0003052
20-12-2019,152.6489105
23-12-2019,152.6489105
24-12-2019,152.6198273
26-12-2019,153.8707733
27-12-2019,154.1520386
30-12-2019,152.8234406
31-12-2019,152.93013
02-01-2020,155.761795
03-01-2020,153.8222961
06-01-2020,154.2198944
07-01-2020,152.8137665
08-01-2020,155.2478485
09-01-2020,157.1873627
10-01-2020,156.4600067
13-01-2020,158.3413544
14-01-2020,157.2261505
15-01-2020,158.2443695
16-01-2020,161.1439514
17-01-2020,162.0458374
21-01-2020,161.4639435
22-01-2020,160.6881409
23-01-2020,161.6773071
24-01-2020,160.0481567
27-01-2020,157.3716125
28-01-2020,160.4554291
29-01-2020,162.9573669
30-01-2020,167.5540161
31-01-2020,165.0811462
03-02-2020,169.1056366
04-02-2020,174.6719818
05-02-2020,174.4586334
06-02-2020,178.0758514
07-02-2020,178.3279572
10-02-2020,182.9924927
11-02-2020,178.8613586
12-02-2020,179.1231537
13-02-2020,178.1534271
14-02-2020,179.7438202
18-02-2020,181.5669403
19-02-2020,182.1114807
20-02-2020,179.3304138
21-02-2020,173.6613159
24-02-2020,166.1738586
25-02-2020,163.4316711
26-02-2020,165.4736633
27-02-2020,153.8145905
28-02-2020,157.5389099
02-03-2020,168.0213776
03-03-2020,159.9698944
04-03-2020,165.8432007
05-03-2020,161.6813354
06-03-2020,157.1110687
09-03-2020,146.4632111
10-03-2020,156.4789886
11-03-2020,149.3901672
12-03-2020,135.2222595
13-03-2020,154.4466553
16-03-2020,131.682724
17-03-2020,142.5250092
18-03-2020,136.5252533
19-03-2020,138.7715454
20-03-2020,133.5594635
23-03-2020,132.2272339
24-03-2020,144.2461395
25-03-2020,142.8653717
26-03-2020,151.8017273
27-03-2020,145.5686035
30-03-2020,155.8080292
31-03-2020,153.3575897
01-04-2020,147.9121094
02-04-2020,150.975174
03-04-2020,149.5846252
06-04-2020,160.7089233
07-04-2020,158.9780731
08-04-2020,160.5727997
09-04-2020,160.5825195
13-04-2020,160.9422913
14-04-2020,168.9062805
15-04-2020,167.1365051
16-04-2020,172.154129
17-04-2020,173.6710205
20-04-2020,170.2287292
21-04-2020,163.1885376
22-04-2020,168.7312622
23-04-2020,166.6891937
24-04-2020,169.7328186
27-04-2020,169.2466278
28-04-2020,165.1236267
29-04-2020,172.5333405
30-04-2020,174.2642365
01-05-2020,169.7522583
04-05-2020,173.9044342
05-05-2020,175.7714539
06-05-2020,177.5022736
07-05-2020,178.5330505
08-05-2020,179.5832367
11-05-2020,181.58638
12-05-2020,177.4731293
13-05-2020,174.7892914
14-05-2020,175.5477905
15-05-2020,178.1052094
18-05-2020,179.8069
19-05-2020,178.5622406
20-05-2020,181.0390167
21-05-2020,178.864502
22-05-2020,178.9425201
26-05-2020,177.050827
27-05-2020,177.2848358
28-05-2020,176.8850555
29-05-2020,178.6889801
01-06-2020,178.2794495
02-06-2020,180.3076782
03-06-2020,180.7464447
04-06-2020,178.367218
05-06-2020,182.5406647
08-06-2020,183.6717987
09-06-2020,185.0759583
10-06-2020,191.9407349
11-06-2020,181.6338348
12-06-2020,183.0672455
15-06-2020,184.2373657
16-06-2020,188.7521515
17-06-2020,189.4054565
18-06-2020,191.4336853
19-06-2020,190.2927856
22-06-2020,195.5779114
23-06-2020,196.8845673
24-06-2020,192.9158478
25-06-2020,195.3536377
26-06-2020,191.4434509
29-06-2020,193.500946
30-06-2020,198.4447479
01-07-2020,199.6051025
02-07-2020,201.1262665
06-07-2020,205.4557648
07-07-2020,203.0667725
08-07-2020,207.5327454
09-07-2020,208.9857025
10-07-2020,208.3518677
13-07-2020,201.9161377
14-07-2020,203.1642761
15-07-2020,202.8619843
16-07-2020,198.8445129
17-07-2020,197.8304291
20-07-2020,206.3334045
21-07-2020,203.554306
22-07-2020,206.47966
23-07-2020,197.4988556
24-07-2020,196.2897491
27-07-2020,198.7762604
28-07-2020,196.9918365
29-07-2020,198.9810333
30-07-2020,198.8250122
31-07-2020,199.9073792
03-08-2020,211.1504364
04-08-2020,207.9812927
05-08-2020,207.6400299
06-08-2020,210.9651642
07-08-2020,207.1914825
10-08-2020,203.0667725
11-08-2020,198.3179779
12-08-2020,203.9833679
13-08-2020,203.5055389
14-08-2020,203.7005615
17-08-2020,205.0462189
18-08-2020,206.22612
19-08-2020,204.9749451
20-08-2020,209.7450104
21-08-2020,208.2201538
24-08-2020,208.875061
25-08-2020,211.5924225
26-08-2020,216.1669464
27-08-2020,221.4746094
28-08-2020,223.752121
31-08-2020,220.448288
01-09-2020,222.1490631
02-09-2020,226.4303894
03-09-2020,212.403717
04-09-2020,209.4224396
08-09-2020,198.0935974
09-09-2020,206.529129
10-09-2020,200.7425079
11-09-2020,199.4327087
14-09-2020,200.7816467
15-09-2020,204.0756836
16-09-2020,200.4297485
17-09-2020,198.3379822
18-09-2020,195.8747406
21-09-2020,197.9762573
22-09-2020,202.7463531
23-09-2020,196.0702209
24-09-2020,198.6116333
25-09-2020,203.1373291
28-09-2020,204.7208405
29-09-2020,202.5899658
30-09-2020,205.5907745
01-10-2020,207.67276
02-10-2020,201.5440674
05-10-2020,205.6396484
06-10-2020,201.2703705
07-10-2020,205.1020355
08-10-2020,205.8351288
09-10-2020,210.9472809
12-10-2020,216.4113159
13-10-2020,217.8384399
14-10-2020,215.8835144
15-10-2020,214.710556
16-10-2020,214.710556
19-10-2020,209.3931122
20-10-2020,209.8134155
21-10-2020,209.9600525
22-10-2020,210.0480194
23-10-2020,211.3578339
26-10-2020,205.3464203
27-10-2020,208.4449615
28-10-2020,198.1131287
29-10-2020,200.1071625
30-10-2020,197.9078674
02-11-2020,197.7710266
03-11-2020,201.7786407
04-11-2020,211.5142212
05-11-2020,218.258728
06-11-2020,218.6790314
09-11-2020,213.4691467
10-11-2020,206.2554474
11-11-2020,211.6706085
12-11-2020,210.5856171
13-11-2020,211.6315155
16-11-2020,212.3352814
17-11-2020,209.6277313
18-11-2020,206.8640442
19-11-2020,208.1772614
20-11-2020,206.1878204
23-11-2020,205.9134216
24-11-2020,209.5885315
25-11-2020,209.5982819
27-11-2020,210.9311523
30-11-2020,209.794342
01-12-2020,211.8915863
02-12-2020,211.0683594
03-12-2020,209.9609375
04-12-2020,210.0785217
07-12-2020,210.0099182
08-12-2020,211.6955566
09-12-2020,207.5696716
10-12-2020,206.3152161
11-12-2020,209.0004883
14-12-2020,209.9217072
15-12-2020,209.8531189
16-12-2020,214.9002533
17-12-2020,215.0374451
18-12-2020,214.2240295
21-12-2020,218.1441345
22-12-2020,219.4671783
23-12-2020,216.6055298
24-12-2020,218.3009338
28-12-2020,220.4668121
29-12-2020,219.6729736
30-12-2020,217.2523041
31-12-2020,217.9775391
04-01-2021,213.3420105
05-01-2021,213.5477905
06-01-2021,208.0106659
07-01-2021,213.9300385
08-01-2021,215.2334747
11-01-2021,213.1460114
12-01-2021,210.6371307
13-01-2021,212.0189819
14-01-2021,208.7652893
15-01-2021,208.4026642
19-01-2021,212.1169586
20-01-2021,219.8591766
21-01-2021,220.4766083
22-01-2021,221.437027
25-01-2021,224.9455261
26-01-2021,227.689621
27-01-2021,228.2481842
28-01-2021,234.1577606
29-01-2021,227.3269958
01-02-2021,234.8633728
02-02-2021,234.7261963
03-02-2021,238.1464844
04-02-2021,237.1762848
05-02-2021,237.3624573
08-02-2021,237.6270752
09-02-2021,238.9011078
10-02-2021,237.9700775
11-02-2021,239.6067352
12-02-2021,240.0967712
16-02-2021,238.8325195
17-02-2021,239.8737183
18-02-2021,239.4709625
19-02-2021,236.7009583
22-02-2021,230.3553925
23-02-2021,229.1373596
24-02-2021,230.3946838
25-02-2021,224.9331818
26-02-2021,228.2631226
01-03-2021,232.7423706
02-03-2021,229.7267151
03-03-2021,223.5285339
04-03-2021,222.7132416
05-03-2021,227.4969482
08-03-2021,223.3615265
09-03-2021,229.6383362
10-03-2021,228.3024139
11-03-2021,232.9289856
12-03-2021,231.57341
15-03-2021,230.6500549
16-03-2021,233.4987183
17-03-2021,232.8405457
18-03-2021,226.6325226
19-03-2021,226.2691193
22-03-2021,231.8091736
23-03-2021,233.3710022
24-03-2021,231.2885742
25-03-2021,228.2238159
26-03-2021,232.2904663
29-03-2021,231.0724487
30-03-2021,227.7425232
31-03-2021,231.5930481
01-04-2021,238.0565033
05-04-2021,244.6574402
06-04-2021,243.4688873
07-04-2021,245.4727325
08-04-2021,248.7633972
09-04-2021,251.3173218
12-04-2021,251.3762665
13-04-2021,253.9105225
14-04-2021,251.0619202
15-04-2021,254.9026642
16-04-2021,256.1206665
19-04-2021,254.1561279
20-04-2021,253.6846313
21-04-2021,255.9635315
22-04-2021,252.6139526
23-04-2021,256.5234375
26-04-2021,256.9162903
27-04-2021,257.3288879
28-04-2021,250.0501709
29-04-2021,248.0364838
30-04-2021,247.712326
03-05-2021,247.3980255
04-05-2021,243.4001007
05-05-2021,242.1035156
06-05-2021,245.3057404
07-05-2021,247.987381
10-05-2021,242.8009186
11-05-2021,241.8677673
12-05-2021,234.7658539
13-05-2021,238.7244568
14-05-2021,243.7537231
17-05-2021,240.8363495
18-05-2021,238.7735443
19-05-2021,239.3643036
20-05-2021,242.6723785
21-05-2021,241.3826294
24-05-2021,246.9059753
25-05-2021,247.8314362
26-05-2021,247.6049957
27-05-2021,245.4586487
28-05-2021,245.822937
01-06-2021,243.578186
02-06-2021,243.4797211
03-06-2021,241.9142914
04-06-2021,246.9157867
07-06-2021,249.8891602
08-06-2021,248.6683044
09-06-2021,249.6725464
10-06-2021,253.2661743
11-06-2021,253.9061432
14-06-2021,255.8752594
15-06-2021,254.3688202
16-06-2021,253.4039917
17-06-2021,256.8695984
18-06-2021,255.422348
21-06-2021,258.572937
22-06-2021,261.4084167
23-06-2021,261.1721191
24-06-2021,262.5701599
25-06-2021,260.9259949
28-06-2021,264.5688171
29-06-2021,267.2074585
30-06-2021,266.7151794
01-07-2021,267.4042969
02-07-2021,273.3608704
06-07-2021,273.3707275
07-07-2021,275.6056824
08-07-2021,273.1344299
09-07-2021,273.6463928
12-07-2021,273.0359802
13-07-2021,276.6394348
14-07-2021,278.145813
15-07-2021,276.6886292
16-07-2021,276.4129639
19-07-2021,272.7307434
20-07-2021,275.0050659
21-07-2021,277.0529175
22-07-2021,281.7197571
23-07-2021,285.1952209
26-07-2021,284.5847778
27-07-2021,282.1135559
28-07-2021,281.7984314
29-07-2021,282.0741272
30-07-2021,280.508728
02-08-2021,280.4201355
03-08-2021,282.6846008
04-08-2021,282.0840454
05-08-2021,285.0475159
06-08-2021,284.9884338
09-08-2021,283.875885
10-08-2021,282.0150452
11-08-2021,282.5172119
12-08-2021,285.3330383
13-08-2021,288.3260498
16-08-2021,290.0490417
17-08-2021,288.5525208
18-08-2021,286.7868042
19-08-2021,292.744873
20-08-2021,300.2319336
23-08-2021,300.5180054
24-08-2021,298.5155029
25-08-2021,297.9138489
26-08-2021,295.0334167
27-08-2021,295.6548767
30-08-2021,299.4723816
31-08-2021,297.785614
01-09-2021,297.7362366
02-09-2021,297.0654602
03-09-2021,297.0556641
07-09-2021,296.1086426
08-09-2021,296.1381836
09-09-2021,293.2183533
10-09-2021,291.6992188
13-09-2021,292.9618835
14-09-2021,295.7239075
15-09-2021,300.6856995
16-09-2021,301.0802612
17-09-2021,295.8027954
20-09-2021,290.3083496
21-09-2021,290.8015747
22-09-2021,294.530304
23-09-2021,295.4970703
24-09-2021,295.2898865
27-09-2021,290.1801758
28-09-2021,279.6745605
29-09-2021,280.1480713
30-09-2021,278.0963135
01-10-2021,285.1789551
04-10-2021,279.2701111
05-10-2021,284.8435059
06-10-2021,289.1345215
07-10-2021,290.8508911
08-10-2021,290.8508911
11-10-2021,290.2393494
12-10-2021,288.9076538
13-10-2021,292.2911072
14-10-2021,298.6437683
15-10-2021,300.0839844
18-10-2021,303.1221924
19-10-2021,304.049408
20-10-2021,303.2405396
21-10-2021,306.545105
22-10-2021,304.9668274
25-10-2021,303.9508057
26-10-2021,305.9039001
27-10-2021,318.7868347
28-10-2021,319.9508057
29-10-2021,327.1221924
01-11-2021,324.90271
02-11-2021,328.6117249
03-11-2021,329.4699402
04-11-2021,331.8768311
05-11-2021,331.5019531
08-11-2021,332.4193726
09-11-2021,331.3934937
10-11-2021,326.313324
11-11-2021,327.9211731
12-11-2021,332.1530457
15-11-2021,331.5118103
16-11-2021,334.9051819
17-11-2021,335.1324768
18-11-2021,337.2572021
19-11-2021,339.0755615
22-11-2021,335.8341064
23-11-2021,333.7094116
24-11-2021,333.9367371
26-11-2021,325.8034363
29-11-2021,332.6717529
30-11-2021,326.7027588
01-12-2021,326.1987915
02-12-2021,325.6156921
03-12-2021,319.2119141
06-12-2021,322.3544922
07-12-2021,330.981842
08-12-2021,331.0312805
09-12-2021,329.1832581
10-12-2021,338.5122681
13-12-2021,335.4091797
14-12-2021,324.479248
15-12-2021,330.7150269
16-12-2021,321.0796814
17-12-2021,319.9926147
20-12-2021,316.1483459
21-12-2021,323.4415894
22-12-2021,329.282074
23-12-2021,330.7545776
27-12-2021,338.4233398
28-12-2021,337.2373962
29-12-2021,337.9292297
30-12-2021,335.3301392
